timestamp,open,high,low,close,volume,vwap
2026-01-05T09:30:00,220.0,220.485,219.4701,219.6992,5229.0,219.9136
2026-01-05T09:31:00,219.6992,219.9403,219.591,219.7951,37567.0,219.7564
2026-01-05T09:32:00,219.7951,220.1392,219.7863,219.8605,29135.0,219.8953
2026-01-05T09:33:00,219.8605,219.8829,219.7095,219.836,32098.0,219.8222
2026-01-05T09:34:00,219.836,220.1742,219.6786,220.0532,33755.0,219.9355
2026-01-05T09:35:00,220.0532,220.0949,219.8707,219.8928,21376.0,219.9779
2026-01-05T09:36:00,219.8928,220.366,219.8731,220.1358,17684.0,220.0669
2026-01-05T09:37:00,220.1358,220.5226,219.5244,220.0206,17846.0,220.0508
2026-01-05T09:38:00,220.0206,220.1892,219.789,219.8353,36122.0,219.9585
2026-01-05T09:39:00,219.8353,220.2267,219.5122,220.0519,12112.0,219.9065
2026-01-05T09:40:00,220.0519,220.4103,220.0267,220.3069,42874.0,220.199
2026-01-05T09:41:00,220.3069,220.5797,220.2824,220.4597,11748.0,220.4072
2026-01-05T09:42:00,220.4597,220.6536,219.8387,219.9199,52059.0,220.218
2026-01-05T09:43:00,219.9199,220.2093,219.7754,220.1957,28802.0,220.0251
2026-01-05T09:44:00,220.1957,220.3448,219.2334,219.8096,11511.0,219.8959
2026-01-05T09:45:00,219.8096,220.2164,219.7943,220.1662,23719.0,219.9966
2026-01-05T09:46:00,220.1662,220.3031,219.6937,219.9192,20875.0,220.0206
2026-01-05T09:47:00,219.9192,220.373,219.6597,219.6925,41221.0,219.9111
2026-01-05T09:48:00,219.6925,219.962,219.6514,219.727,7981.0,219.7582
2026-01-05T09:49:00,219.727,219.959,219.3888,219.9304,13092.0,219.7513
2026-01-05T09:50:00,219.9304,220.0832,219.6655,219.7402,24325.0,219.8548
2026-01-05T09:51:00,219.7402,219.7866,219.4763,219.7317,6419.0,219.6837
2026-01-05T09:52:00,219.7317,220.0351,219.3714,219.9125,10872.0,219.7627
2026-01-05T09:53:00,219.9125,220.0279,219.8122,219.8522,30399.0,219.9012
2026-01-05T09:54:00,219.8522,219.8851,219.2495,219.6545,10535.0,219.6603
2026-01-05T09:55:00,219.6545,219.83,218.8293,218.921,31835.0,219.3087
2026-01-05T09:56:00,218.921,219.1612,218.7381,218.8498,41858.0,218.9175
2026-01-05T09:57:00,218.8498,218.8664,218.6241,218.7272,30180.0,218.7669
2026-01-05T09:58:00,218.7272,219.1765,218.6501,219.1608,8969.0,218.9287
2026-01-05T09:59:00,219.1608,219.19,219.0069,219.1784,14801.0,219.134
2026-01-05T10:00:00,219.1784,219.7073,219.1658,219.4841,17464.0,219.3839
2026-01-05T10:01:00,219.4841,219.7443,219.4357,219.6395,30273.0,219.5759
2026-01-05T10:02:00,219.6395,219.7582,219.3864,219.5365,46516.0,219.5801
2026-01-05T10:03:00,219.5365,219.7029,219.3898,219.645,17822.0,219.5685
2026-01-05T10:04:00,219.645,219.7668,219.5091,219.7125,6899.0,219.6583
2026-01-05T10:05:00,219.7125,220.1414,218.2732,218.9855,43913.0,219.2781
2026-01-05T10:06:00,218.9855,218.9933,218.8417,218.8771,13964.0,218.9244
2026-01-05T10:07:00,218.8771,219.1988,218.7393,218.9218,16333.0,218.9343
2026-01-05T10:08:00,218.9218,219.4193,218.8868,219.4081,14342.0,219.159
2026-01-05T10:09:00,219.4081,219.4113,219.3005,219.3362,12919.0,219.3641
2026-01-05T10:10:00,219.3362,219.344,218.4874,218.7957,11293.0,218.9908
2026-01-05T10:11:00,218.7957,219.2567,218.7107,219.0697,16332.0,218.9582
2026-01-05T10:12:00,219.0697,219.4715,218.8482,219.0813,30209.0,219.1177
2026-01-05T10:13:00,219.0813,219.0974,218.7024,218.9395,15157.0,218.9552
2026-01-05T10:14:00,218.9395,219.0717,218.7311,218.8508,5957.0,218.8983
2026-01-05T10:15:00,218.8508,219.385,218.8103,219.2879,21950.0,219.0835
2026-01-05T10:16:00,219.2879,219.7616,219.1846,219.6369,11700.0,219.4677
2026-01-05T10:17:00,219.6369,219.8342,218.8863,219.4619,41610.0,219.4548
2026-01-05T10:18:00,219.4619,219.5695,219.3522,219.5005,9509.0,219.471
2026-01-05T10:19:00,219.5005,219.5086,218.5965,218.7649,18272.0,219.0926
2026-01-05T10:20:00,218.7649,219.2335,218.7394,218.8927,52919.0,218.9076
2026-01-05T10:21:00,218.8927,219.1596,218.7534,219.0356,5173.0,218.9603
2026-01-05T10:22:00,219.0356,219.1913,218.8502,218.8685,23743.0,218.9864
2026-01-05T10:23:00,218.8685,219.0315,218.6313,218.6899,12221.0,218.8053
2026-01-05T10:24:00,218.6899,218.7677,218.3538,218.5194,53287.0,218.5827
2026-01-05T10:25:00,218.5194,219.0384,218.4474,218.757,27339.0,218.6905
2026-01-05T10:26:00,218.757,219.0373,218.6285,218.8111,15505.0,218.8085
2026-01-05T10:27:00,218.8111,219.0803,218.5948,218.9476,16257.0,218.8585
2026-01-05T10:28:00,218.9476,219.0311,218.7866,218.9388,46240.0,218.926
2026-01-05T10:29:00,218.9388,219.0598,218.6139,218.8023,26263.0,218.8537
2026-01-05T10:30:00,218.8023,219.428,218.5683,218.9145,46500.0,218.9283
2026-01-05T10:31:00,218.9145,219.0256,218.7967,218.9509,21073.0,218.922
2026-01-05T10:32:00,218.9509,219.3844,218.1503,218.8507,24035.0,218.8341
2026-01-05T10:33:00,218.8507,219.0978,218.7997,219.0455,37718.0,218.9484
2026-01-05T10:34:00,219.0455,219.2987,219.0282,219.199,39469.0,219.1428
2026-01-05T10:35:00,219.199,219.2588,219.0328,219.0765,8823.0,219.1418
2026-01-05T10:36:00,219.0765,219.248,219.0488,219.1986,25832.0,219.143
2026-01-05T10:37:00,219.1986,219.596,218.6909,218.8229,26719.0,219.0771
2026-01-05T10:38:00,218.8229,219.0558,218.6624,218.767,24691.0,218.827
2026-01-05T10:39:00,218.767,219.1349,218.4719,219.0218,23379.0,218.8489
2026-01-05T10:40:00,219.0218,219.1865,218.7818,218.7898,13942.0,218.945
2026-01-05T10:41:00,218.7898,218.9739,218.6411,218.787,22470.0,218.798
2026-01-05T10:42:00,218.787,218.8361,218.4024,218.4261,7988.0,218.6129
2026-01-05T10:43:00,218.4261,218.5033,218.1803,218.252,29255.0,218.3404
2026-01-05T10:44:00,218.252,218.3743,217.8175,218.2908,37039.0,218.1837
2026-01-05T10:45:00,218.2908,218.5234,218.2158,218.3976,15631.0,218.3569
2026-01-05T10:46:00,218.3976,218.4558,218.1572,218.298,47004.0,218.3271
2026-01-05T10:47:00,218.298,218.3598,217.9944,218.0258,33763.0,218.1695
2026-01-05T10:48:00,218.0258,218.2185,217.8551,218.027,32919.0,218.0316
2026-01-05T10:49:00,218.027,218.3043,217.6997,218.157,25160.0,218.047
2026-01-05T10:50:00,218.157,218.1711,217.0584,217.5673,43735.0,217.7384
2026-01-05T10:51:00,217.5673,217.5713,217.0569,217.4181,19899.0,217.4034
2026-01-05T10:52:00,217.4181,217.5354,217.1262,217.2746,14858.0,217.3386
2026-01-05T10:53:00,217.2746,217.5576,217.1946,217.4131,23784.0,217.36
2026-01-05T10:54:00,217.4131,217.8026,217.1665,217.7033,17269.0,217.5214
2026-01-05T10:55:00,217.7033,217.7559,217.2231,217.6432,8378.0,217.5814
2026-01-05T10:56:00,217.6432,217.6626,217.3574,217.6174,49886.0,217.5702
2026-01-05T10:57:00,217.6174,218.5189,217.5104,218.081,40030.0,217.9319
2026-01-05T10:58:00,218.081,218.2602,217.9588,218.1161,39205.0,218.104
2026-01-05T10:59:00,218.1161,218.4718,217.6403,218.1677,31161.0,218.099
2026-01-05T11:00:00,218.1677,218.4036,217.4476,217.715,39061.0,217.9335
2026-01-05T11:01:00,217.715,217.8298,217.6682,217.7805,16810.0,217.7484
2026-01-05T11:02:00,217.7805,218.4732,217.1467,217.6252,16645.0,217.7564
2026-01-05T11:03:00,217.6252,218.0543,217.6251,217.8599,22486.0,217.7911
2026-01-05T11:04:00,217.8599,217.9714,217.85,217.9523,23379.0,217.9084
2026-01-05T11:05:00,217.9523,218.3014,217.8218,218.229,14231.0,218.0762
2026-01-05T11:06:00,218.229,218.3747,217.8351,218.0604,44371.0,218.1248
2026-01-05T11:07:00,218.0604,218.1147,217.8791,217.9229,19189.0,217.9943
2026-01-05T11:08:00,217.9229,218.4155,217.18,217.3048,41939.0,217.7058
2026-01-05T11:09:00,217.3048,217.5094,217.0926,217.4792,35640.0,217.3465
2026-01-05T11:10:00,217.4792,217.5103,217.006,217.3907,8745.0,217.3466
2026-01-05T11:11:00,217.3907,217.5693,217.0818,217.329,9700.0,217.3427
2026-01-05T11:12:00,217.329,217.6289,217.2689,217.5109,34743.0,217.4344
2026-01-05T11:13:00,217.5109,217.6712,217.339,217.6054,24426.0,217.5316
2026-01-05T11:14:00,217.6054,217.738,217.3348,217.3529,21284.0,217.5078
2026-01-05T11:15:00,217.3529,217.9581,217.31,217.7675,18622.0,217.5971
2026-01-05T11:16:00,217.7675,217.9726,217.5427,217.6369,21305.0,217.7299
2026-01-05T11:17:00,217.6369,217.8305,217.6022,217.8247,9779.0,217.7236
2026-01-05T11:18:00,217.8247,217.8549,217.1678,217.299,24425.0,217.5366
2026-01-05T11:19:00,217.299,217.3243,217.0578,217.1466,13555.0,217.2069
2026-01-05T11:20:00,217.1466,217.1915,216.4939,216.8158,17129.0,216.912
2026-01-05T11:21:00,216.8158,217.04,216.6875,216.9923,27320.0,216.8839
2026-01-05T11:22:00,216.9923,217.0354,216.7259,216.7573,21308.0,216.8777
2026-01-05T11:23:00,216.7573,216.9523,216.4619,216.9333,12160.0,216.7762
2026-01-05T11:24:00,216.9333,217.0333,216.808,216.8288,10252.0,216.9008
2026-01-05T11:25:00,216.8288,216.8644,216.5921,216.696,46915.0,216.7453
2026-01-05T11:26:00,216.696,216.8148,216.5967,216.8079,6696.0,216.7289
2026-01-05T11:27:00,216.8079,216.9286,216.74,216.8507,18142.0,216.8318
2026-01-05T11:28:00,216.8507,217.0471,216.671,217.0041,11750.0,216.8932
2026-01-05T11:29:00,217.0041,217.3641,216.614,216.8979,17608.0,216.97
2026-01-05T11:30:00,216.8979,217.1289,216.7428,217.05,30646.0,216.9549
2026-01-05T11:31:00,217.05,217.0839,216.3497,216.8933,15355.0,216.8442
2026-01-05T11:32:00,216.8933,217.0646,216.8123,217.0116,21335.0,216.9454
2026-01-05T11:33:00,217.0116,217.0527,216.805,216.9599,28902.0,216.9573
2026-01-05T11:34:00,216.9599,217.2792,216.9145,217.1906,32328.0,217.0861
2026-01-05T11:35:00,217.1906,218.1806,217.0213,217.8467,24102.0,217.5598
2026-01-05T11:36:00,217.8467,217.9274,217.7943,217.8872,40182.0,217.8639
2026-01-05T11:37:00,217.8872,218.0526,217.476,217.6399,31335.0,217.7639
2026-01-05T11:38:00,217.6399,217.6796,217.1923,217.4467,30751.0,217.4896
2026-01-05T11:39:00,217.4467,217.755,217.03,217.2291,48213.0,217.3652
2026-01-05T11:40:00,217.2291,217.7406,217.1043,217.692,42157.0,217.4415
2026-01-05T11:41:00,217.692,217.942,217.0557,217.4063,17488.0,217.524
2026-01-05T11:42:00,217.4063,218.0967,217.2195,217.6464,20736.0,217.5922
2026-01-05T11:43:00,217.6464,217.9219,217.2671,217.7139,19211.0,217.6373
2026-01-05T11:44:00,217.7139,217.7664,217.5985,217.7179,13867.0,217.6992
2026-01-05T11:45:00,217.7179,218.3371,217.6692,217.8074,39705.0,217.8829
2026-01-05T11:46:00,217.8074,218.158,217.6457,218.0805,27433.0,217.9229
2026-01-05T11:47:00,218.0805,218.3717,217.851,217.944,29125.0,218.0618
2026-01-05T11:48:00,217.944,218.3359,217.8495,218.2857,18836.0,218.1038
2026-01-05T11:49:00,218.2857,218.8383,217.5215,217.8874,31100.0,218.1332
2026-01-05T11:50:00,217.8874,218.0271,217.5282,217.7567,28641.0,217.7998
2026-01-05T11:51:00,217.7567,217.9615,217.6134,217.6389,21119.0,217.7426
2026-01-05T11:52:00,217.6389,217.765,217.3879,217.4202,43417.0,217.553
2026-01-05T11:53:00,217.4202,217.6824,217.3338,217.4852,25575.0,217.4804
2026-01-05T11:54:00,217.4852,217.9837,217.2156,217.7013,24164.0,217.5965
2026-01-05T11:55:00,217.7013,217.8973,217.286,217.3522,30802.0,217.5592
2026-01-05T11:56:00,217.3522,217.6374,216.9383,217.6121,15413.0,217.385
2026-01-05T11:57:00,217.6121,218.1639,217.1636,218.0341,28078.0,217.7434
2026-01-05T11:58:00,218.0341,218.1592,217.7882,217.9234,25936.0,217.9762
2026-01-05T11:59:00,217.9234,217.9517,217.8661,217.9077,40599.0,217.9122
2026-01-05T12:00:00,217.9077,218.1039,217.3622,217.5216,14653.0,217.7238
2026-01-05T12:01:00,217.5216,218.0852,217.1366,217.8045,44108.0,217.637
2026-01-05T12:02:00,217.8045,218.2376,217.6216,218.1545,18835.0,217.9546
2026-01-05T12:03:00,218.1545,218.3118,217.8881,218.0579,17403.0,218.1031
2026-01-05T12:04:00,218.0579,218.4786,217.9179,218.3259,28839.0,218.1951
2026-01-05T12:05:00,218.3259,218.3403,218.2062,218.2346,18418.0,218.2767
2026-01-05T12:06:00,218.2346,218.2649,218.0247,218.044,9769.0,218.1421
2026-01-05T12:07:00,218.044,218.1273,217.7297,217.916,22047.0,217.9543
2026-01-05T12:08:00,217.916,218.0631,217.5656,217.9114,35570.0,217.864
2026-01-05T12:09:00,217.9114,218.3945,217.6837,217.9395,25207.0,217.9823
2026-01-05T12:10:00,217.9395,218.2533,217.4083,217.7851,39112.0,217.8466
2026-01-05T12:11:00,217.7851,218.5915,217.7047,218.4253,28923.0,218.1267
2026-01-05T12:12:00,218.4253,218.6332,217.8256,218.2564,46421.0,218.2851
2026-01-05T12:13:00,218.2564,218.2732,217.476,218.0313,35588.0,218.0092
2026-01-05T12:14:00,218.0313,218.1871,217.5427,217.7868,38213.0,217.887
2026-01-05T12:15:00,217.7868,217.8463,217.3148,217.4429,12460.0,217.5977
2026-01-05T12:16:00,217.4429,217.6773,216.9972,217.3292,12150.0,217.3617
2026-01-05T12:17:00,217.3292,217.4221,217.1183,217.1728,37897.0,217.2606
2026-01-05T12:18:00,217.1728,217.3033,216.2277,216.3416,49807.0,216.7614
2026-01-05T12:19:00,216.3416,216.5137,215.4955,216.0852,27971.0,216.109
2026-01-05T12:20:00,216.0852,217.3227,215.775,216.7104,28363.0,216.4733
2026-01-05T12:21:00,216.7104,217.0256,215.943,216.2964,5519.0,216.4939
2026-01-05T12:22:00,216.2964,216.4361,216.1267,216.1353,40239.0,216.2486
2026-01-05T12:23:00,216.1353,216.2731,216.1105,216.2706,52814.0,216.1973
2026-01-05T12:24:00,216.2706,216.4182,215.9297,216.0477,29140.0,216.1665
2026-01-05T12:25:00,216.0477,216.3227,215.5293,215.8606,23908.0,215.9401
2026-01-05T12:26:00,215.8606,216.0162,215.7778,215.8773,39835.0,215.883
2026-01-05T12:27:00,215.8773,216.3237,215.7028,216.0382,38500.0,215.9855
2026-01-05T12:28:00,216.0382,216.0456,215.8727,215.8994,16692.0,215.964
2026-01-05T12:29:00,215.8994,215.9148,215.7053,215.8814,30046.0,215.8502
2026-01-05T12:30:00,215.8814,215.962,215.6803,215.8031,47849.0,215.8317
2026-01-05T12:31:00,215.8031,216.1854,215.6547,216.1494,4790.0,215.9481
2026-01-05T12:32:00,216.1494,216.5233,216.065,216.5034,22366.0,216.3103
2026-01-05T12:33:00,216.5034,216.8915,216.4152,216.809,14073.0,216.6548
2026-01-05T12:34:00,216.809,217.4356,216.3988,216.6734,29283.0,216.8292
2026-01-05T12:35:00,216.6734,216.7136,216.6381,216.6446,44190.0,216.6674
2026-01-05T12:36:00,216.6446,216.876,216.4843,216.8589,12183.0,216.716
2026-01-05T12:37:00,216.8589,217.0811,216.6295,217.0403,9958.0,216.9024
2026-01-05T12:38:00,217.0403,217.1862,216.6651,216.8336,17360.0,216.9313
2026-01-05T12:39:00,216.8336,217.1558,216.4018,216.5311,20721.0,216.7306
2026-01-05T12:40:00,216.5311,216.6479,216.4171,216.496,8406.0,216.523
2026-01-05T12:41:00,216.496,216.6215,216.2603,216.3992,17294.0,216.4442
2026-01-05T12:42:00,216.3992,216.6511,215.9529,216.3079,12968.0,216.3278
2026-01-05T12:43:00,216.3079,216.5717,215.9384,216.5274,13780.0,216.3363
2026-01-05T12:44:00,216.5274,216.8043,215.5801,215.9519,17396.0,216.2159
2026-01-05T12:45:00,215.9519,216.3308,215.8556,216.2352,17535.0,216.0934
2026-01-05T12:46:00,216.2352,216.4318,216.2,216.3636,19700.0,216.3076
2026-01-05T12:47:00,216.3636,216.7796,215.5065,215.6758,19991.0,216.0814
2026-01-05T12:48:00,215.6758,216.1509,215.5638,215.6768,25907.0,215.7668
2026-01-05T12:49:00,215.6768,215.7403,215.32,215.323,20371.0,215.515
2026-01-05T12:50:00,215.323,215.4847,215.3116,215.3975,35958.0,215.3792
2026-01-05T12:51:00,215.3975,215.4297,214.7595,215.0526,35636.0,215.1598
2026-01-05T12:52:00,215.0526,215.3221,215.0462,215.2475,39515.0,215.1671
2026-01-05T12:53:00,215.2475,215.5865,215.0986,215.4767,12147.0,215.3523
2026-01-05T12:54:00,215.4767,215.8666,215.1907,215.6725,13265.0,215.5516
2026-01-05T12:55:00,215.6725,215.8363,215.5367,215.747,22216.0,215.6981
2026-01-05T12:56:00,215.747,215.8583,215.5841,215.8226,23435.0,215.753
2026-01-05T12:57:00,215.8226,216.3175,215.7059,216.0917,18915.0,215.9844
2026-01-05T12:58:00,216.0917,216.5262,216.0117,216.3479,25585.0,216.2444
2026-01-05T12:59:00,216.3479,216.7182,215.9057,216.6352,5478.0,216.4017
2026-01-05T13:00:00,216.6352,216.742,216.6304,216.6605,6293.0,216.667
2026-01-05T13:01:00,216.6605,217.0212,216.4961,216.8652,15051.0,216.7608
2026-01-05T13:02:00,216.8652,217.0108,216.813,216.9111,6556.0,216.9
2026-01-05T13:03:00,216.9111,216.9537,216.7799,216.8818,24961.0,216.8816
2026-01-05T13:04:00,216.8818,216.9412,216.7345,216.9166,29499.0,216.8686
2026-01-05T13:05:00,216.9166,217.5704,216.7185,217.4022,8423.0,217.1519
2026-01-05T13:06:00,217.4022,217.4354,217.0552,217.1292,22649.0,217.2555
2026-01-05T13:07:00,217.1292,217.3251,217.0341,217.2393,17310.0,217.1819
2026-01-05T13:08:00,217.2393,217.5428,217.1366,217.185,9845.0,217.2759
2026-01-05T13:09:00,217.185,217.3069,216.9046,217.0788,7034.0,217.1188
2026-01-05T13:10:00,217.0788,217.095,216.5142,216.5318,42432.0,216.805
2026-01-05T13:11:00,216.5318,216.8574,215.8959,216.219,26904.0,216.376
2026-01-05T13:12:00,216.219,216.2698,215.8268,215.8979,19935.0,216.0534
2026-01-05T13:13:00,215.8979,215.9489,215.632,215.6478,33210.0,215.7816
2026-01-05T13:14:00,215.6478,215.7864,215.459,215.7721,29863.0,215.6663
2026-01-05T13:15:00,215.7721,216.0011,215.4155,215.5909,39651.0,215.6949
2026-01-05T13:16:00,215.5909,215.6838,215.3057,215.4413,47969.0,215.5054
2026-01-05T13:17:00,215.4413,215.4843,215.1943,215.3827,8857.0,215.3756
2026-01-05T13:18:00,215.3827,215.7717,215.2032,215.7548,15838.0,215.5281
2026-01-05T13:19:00,215.7548,215.7916,215.4811,215.5579,33832.0,215.6464
2026-01-05T13:20:00,215.5579,215.8007,215.5235,215.7156,41667.0,215.6494
2026-01-05T13:21:00,215.7156,216.2031,215.6415,216.1495,24422.0,215.9274
2026-01-05T13:22:00,216.1495,216.5141,215.9767,216.4625,8147.0,216.2757
2026-01-05T13:23:00,216.4625,216.7247,216.1592,216.6434,36724.0,216.4974
2026-01-05T13:24:00,216.6434,217.4828,216.2712,217.471,23600.0,216.9671
2026-01-05T13:25:00,217.471,217.6952,217.3647,217.6454,35795.0,217.5441
2026-01-05T13:26:00,217.6454,217.7325,217.6097,217.6904,37275.0,217.6695
2026-01-05T13:27:00,217.6904,218.0597,217.5065,217.5687,47644.0,217.7063
2026-01-05T13:28:00,217.5687,217.6172,217.4086,217.5066,47962.0,217.5253
2026-01-05T13:29:00,217.5066,217.7358,216.9739,217.0383,28294.0,217.3137
2026-01-05T13:30:00,217.0383,217.3417,216.7344,216.9537,23807.0,217.017
2026-01-05T13:31:00,216.9537,217.225,216.8554,217.0822,42410.0,217.0291
2026-01-05T13:32:00,217.0822,217.1422,216.4984,216.777,14986.0,216.875
2026-01-05T13:33:00,216.777,217.1845,216.622,217.0535,30808.0,216.9093
2026-01-05T13:34:00,217.0535,217.4696,216.9659,217.3615,10929.0,217.2127
2026-01-05T13:35:00,217.3615,217.431,217.3049,217.352,16887.0,217.3624
2026-01-05T13:36:00,217.352,218.218,217.0773,217.6615,21618.0,217.5772
2026-01-05T13:37:00,217.6615,217.7975,217.5799,217.5846,6248.0,217.6559
2026-01-05T13:38:00,217.5846,217.6811,217.5388,217.5574,37917.0,217.5904
2026-01-05T13:39:00,217.5574,217.6509,217.2483,217.6337,20236.0,217.5226
2026-01-05T13:40:00,217.6337,217.8328,217.4631,217.6244,25384.0,217.6385
2026-01-05T13:41:00,217.6244,217.6348,217.3312,217.4646,14554.0,217.5138
2026-01-05T13:42:00,217.4646,217.499,217.0119,217.3089,7230.0,217.3211
2026-01-05T13:43:00,217.3089,217.3443,216.9275,217.1038,6525.0,217.1712
2026-01-05T13:44:00,217.1038,217.2083,216.5498,216.8781,11278.0,216.935
2026-01-05T13:45:00,216.8781,217.2985,216.6353,217.2418,6303.0,217.0134
2026-01-05T13:46:00,217.2418,217.6513,216.7936,216.7944,26337.0,217.1203
2026-01-05T13:47:00,216.7944,216.8627,216.7394,216.8263,33409.0,216.8057
2026-01-05T13:48:00,216.8263,217.1265,216.7874,217.0706,41147.0,216.9527
2026-01-05T13:49:00,217.0706,217.2644,216.824,216.8503,8010.0,217.0023
2026-01-05T13:50:00,216.8503,216.9076,216.4193,216.5871,6707.0,216.6911
2026-01-05T13:51:00,216.5871,216.8534,216.4155,216.6226,20566.0,216.6197
2026-01-05T13:52:00,216.6226,216.9562,216.5237,216.7315,16171.0,216.7085
2026-01-05T13:53:00,216.7315,216.9804,215.9717,216.0755,29418.0,216.4398
2026-01-05T13:54:00,216.0755,216.3591,215.6817,216.3257,22309.0,216.1105
2026-01-05T13:55:00,216.3257,216.4296,216.2747,216.3303,30169.0,216.3401
2026-01-05T13:56:00,216.3303,216.5481,216.2834,216.4663,32534.0,216.407
2026-01-05T13:57:00,216.4663,216.8239,216.4091,216.7814,51245.0,216.6202
2026-01-05T13:58:00,216.7814,216.9094,216.3923,216.4122,35361.0,216.6238
2026-01-05T13:59:00,216.4122,216.4924,216.1015,216.3423,5504.0,216.3371
2026-01-05T14:00:00,216.3423,216.4151,215.9888,216.3569,18529.0,216.2758
2026-01-05T14:01:00,216.3569,216.7939,216.3219,216.624,30780.0,216.5241
2026-01-05T14:02:00,216.624,216.8688,216.4552,216.6468,26887.0,216.6487
2026-01-05T14:03:00,216.6468,216.8387,216.5451,216.5766,24372.0,216.6518
2026-01-05T14:04:00,216.5766,216.7416,215.8873,216.5613,19456.0,216.4417
2026-01-05T14:05:00,216.5613,217.0455,216.4012,216.9936,8626.0,216.7504
2026-01-05T14:06:00,216.9936,217.0356,216.6155,216.8475,20644.0,216.8731
2026-01-05T14:07:00,216.8475,217.0419,216.2421,216.3051,21962.0,216.6092
2026-01-05T14:08:00,216.3051,216.8547,216.2254,216.6994,14255.0,216.5212
2026-01-05T14:09:00,216.6994,216.7252,216.0111,216.319,20917.0,216.4387
2026-01-05T14:10:00,216.319,216.6105,216.2641,216.4078,16928.0,216.4003
2026-01-05T14:11:00,216.4078,216.6605,216.2886,216.3227,26863.0,216.4199
2026-01-05T14:12:00,216.3227,216.5303,216.1746,216.5047,14704.0,216.3831
2026-01-05T14:13:00,216.5047,217.0095,216.3895,216.6642,47439.0,216.642
2026-01-05T14:14:00,216.6642,216.7631,216.5888,216.73,9663.0,216.6865
2026-01-05T14:15:00,216.73,216.9916,216.0166,216.8807,33355.0,216.6547
2026-01-05T14:16:00,216.8807,217.2748,216.7425,216.8788,19272.0,216.9442
2026-01-05T14:17:00,216.8788,216.9701,216.7452,216.8569,22185.0,216.8628
2026-01-05T14:18:00,216.8569,217.1723,216.617,216.7834,47774.0,216.8574
2026-01-05T14:19:00,216.7834,216.9544,216.5848,216.6421,18059.0,216.7411
2026-01-05T14:20:00,216.6421,216.8274,215.8775,216.2412,19034.0,216.3971
2026-01-05T14:21:00,216.2412,216.2536,215.9611,216.2446,19001.0,216.1751
2026-01-05T14:22:00,216.2446,216.4141,216.1754,216.3733,22763.0,216.3018
2026-01-05T14:23:00,216.3733,216.7487,215.617,216.3967,25786.0,216.2839
2026-01-05T14:24:00,216.3967,216.505,216.2141,216.2688,15962.0,216.3462
2026-01-05T14:25:00,216.2688,216.6899,216.1797,216.419,43054.0,216.3894
2026-01-05T14:26:00,216.419,216.5516,216.3316,216.4887,14513.0,216.4477
2026-01-05T14:27:00,216.4887,216.8038,216.4852,216.6663,35388.0,216.611
2026-01-05T14:28:00,216.6663,216.8315,216.6038,216.7946,13895.0,216.724
2026-01-05T14:29:00,216.7946,217.031,216.6014,216.7675,31808.0,216.7986
2026-01-05T14:30:00,216.7675,217.1064,216.5198,216.9255,33712.0,216.8298
2026-01-05T14:31:00,216.9255,217.0437,216.7546,216.794,20973.0,216.8795
2026-01-05T14:32:00,216.794,216.7986,216.5169,216.5745,35179.0,216.671
2026-01-05T14:33:00,216.5745,217.0933,216.5107,217.0013,20079.0,216.7949
2026-01-05T14:34:00,217.0013,217.3598,216.9618,217.1786,5708.0,217.1254
2026-01-05T14:35:00,217.1786,217.389,217.1491,217.2123,37658.0,217.2323
2026-01-05T14:36:00,217.2123,217.3735,217.084,217.3301,33894.0,217.25
2026-01-05T14:37:00,217.3301,217.6008,217.153,217.5058,35288.0,217.3974
2026-01-05T14:38:00,217.5058,217.7408,217.35,217.7226,21677.0,217.5798
2026-01-05T14:39:00,217.7226,217.9521,217.6686,217.9299,20806.0,217.8183
2026-01-05T14:40:00,217.9299,218.3655,217.9191,218.3113,19424.0,218.1314
2026-01-05T14:41:00,218.3113,218.7262,218.0096,218.4038,14343.0,218.3627
2026-01-05T14:42:00,218.4038,218.5011,218.0999,218.1556,17246.0,218.2901
2026-01-05T14:43:00,218.1556,218.8188,217.9307,218.462,30644.0,218.3418
2026-01-05T14:44:00,218.462,218.6753,218.4022,218.6224,31577.0,218.5405
2026-01-05T14:45:00,218.6224,218.9926,218.5707,218.8074,24129.0,218.7483
2026-01-05T14:46:00,218.8074,219.1198,218.6468,218.8537,29672.0,218.8569
2026-01-05T14:47:00,218.8537,218.9003,218.1413,218.3937,20903.0,218.5722
2026-01-05T14:48:00,218.3937,218.6604,217.9477,218.2622,42784.0,218.316
2026-01-05T14:49:00,218.2622,218.4643,218.1771,218.2932,54418.0,218.2992
2026-01-05T14:50:00,218.2932,219.0244,218.2366,218.8852,24516.0,218.6099
2026-01-05T14:51:00,218.8852,219.4576,218.4748,219.182,11550.0,218.9999
2026-01-05T14:52:00,219.182,219.6855,218.9927,219.5526,24021.0,219.3532
2026-01-05T14:53:00,219.5526,219.742,219.5127,219.6831,10634.0,219.6226
2026-01-05T14:54:00,219.6831,219.7653,219.6594,219.6618,36446.0,219.6924
2026-01-05T14:55:00,219.6618,219.8082,219.4367,219.6461,24333.0,219.6382
2026-01-05T14:56:00,219.6461,219.8156,219.4688,219.7892,10484.0,219.6799
2026-01-05T14:57:00,219.7892,219.8087,219.2099,219.4837,9523.0,219.5729
2026-01-05T14:58:00,219.4837,219.6106,219.1006,219.557,25758.0,219.438
2026-01-05T14:59:00,219.557,219.5587,219.0228,219.2869,21748.0,219.3563
2026-01-05T15:00:00,219.2869,219.3047,219.1652,219.2382,32118.0,219.2487
2026-01-05T15:01:00,219.2382,219.6004,219.0692,219.2164,20708.0,219.2811
2026-01-05T15:02:00,219.2164,219.6019,218.6906,218.9488,7587.0,219.1144
2026-01-05T15:03:00,218.9488,219.3589,218.3354,218.5211,13854.0,218.7911
2026-01-05T15:04:00,218.5211,218.6586,218.156,218.2666,7701.0,218.4006
2026-01-05T15:05:00,218.2666,218.4399,218.186,218.3997,14992.0,218.323
2026-01-05T15:06:00,218.3997,218.5676,218.1632,218.3772,17952.0,218.3769
2026-01-05T15:07:00,218.3772,218.4907,218.133,218.1796,13966.0,218.2951
2026-01-05T15:08:00,218.1796,218.9788,218.1334,218.7421,39747.0,218.5085
2026-01-05T15:09:00,218.7421,218.8239,218.3769,218.4485,11088.0,218.5978
2026-01-05T15:10:00,218.4485,218.6915,218.3232,218.6786,36674.0,218.5354
2026-01-05T15:11:00,218.6786,218.714,217.874,218.0498,37956.0,218.3291
2026-01-05T15:12:00,218.0498,218.1018,217.2653,217.6479,7369.0,217.7662
2026-01-05T15:13:00,217.6479,218.3729,217.6384,218.0973,9232.0,217.9391
2026-01-05T15:14:00,218.0973,218.249,217.5348,217.6018,41631.0,217.8707
2026-01-05T15:15:00,217.6018,217.9121,217.1259,217.2192,24983.0,217.4647
2026-01-05T15:16:00,217.2192,217.381,216.9508,217.1125,7120.0,217.1659
2026-01-05T15:17:00,217.1125,217.3327,217.0564,217.1409,8740.0,217.1606
2026-01-05T15:18:00,217.1409,217.6116,217.0595,217.4301,15421.0,217.3105
2026-01-05T15:19:00,217.4301,217.8482,217.3792,217.4768,20643.0,217.5336
2026-01-05T15:20:00,217.4768,217.6814,216.629,216.7134,40018.0,217.1251
2026-01-05T15:21:00,216.7134,216.7924,216.6683,216.7549,25191.0,216.7323
2026-01-05T15:22:00,216.7549,217.0555,216.7425,217.0263,27005.0,216.8948
2026-01-05T15:23:00,217.0263,217.4089,216.2229,216.3005,15319.0,216.7396
2026-01-05T15:24:00,216.3005,216.6467,216.2974,216.4172,30239.0,216.4155
2026-01-05T15:25:00,216.4172,216.4515,216.3041,216.3347,10034.0,216.3769
2026-01-05T15:26:00,216.3347,216.4433,215.8325,215.9469,7235.0,216.1393
2026-01-05T15:27:00,215.9469,216.0035,215.5816,215.8532,6247.0,215.8463
2026-01-05T15:28:00,215.8532,216.6249,215.4927,215.9388,40561.0,215.9774
2026-01-05T15:29:00,215.9388,215.9669,215.7358,215.8192,32412.0,215.8652
2026-01-05T15:30:00,215.8192,216.0449,215.5293,215.7742,13968.0,215.7919
2026-01-05T15:31:00,215.7742,216.2619,215.5586,215.572,34871.0,215.7917
2026-01-05T15:32:00,215.572,215.8193,215.2788,215.4296,36566.0,215.5249
2026-01-05T15:33:00,215.4296,215.6096,215.1562,215.5668,14056.0,215.4405
2026-01-05T15:34:00,215.5668,215.8585,214.5391,214.6848,13009.0,215.1623
2026-01-05T15:35:00,214.6848,214.8382,214.5639,214.6471,14996.0,214.6835
2026-01-05T15:36:00,214.6471,214.9188,214.4918,214.7365,28859.0,214.6985
2026-01-05T15:37:00,214.7365,215.0742,214.1293,214.3362,14334.0,214.5691
2026-01-05T15:38:00,214.3362,214.9443,213.2463,213.8996,26186.0,214.1066
2026-01-05T15:39:00,213.8996,214.2143,213.8693,213.9867,33810.0,213.9925
2026-01-05T15:40:00,213.9867,214.1523,213.9465,213.9995,28552.0,214.0213
2026-01-05T15:41:00,213.9995,214.3649,213.986,214.1966,11871.0,214.1367
2026-01-05T15:42:00,214.1966,214.4325,214.1346,214.2164,8123.0,214.245
2026-01-05T15:43:00,214.2164,214.4202,214.1331,214.3563,30493.0,214.2815
2026-01-05T15:44:00,214.3563,214.6023,214.1097,214.4714,26499.0,214.3849
2026-01-05T15:45:00,214.4714,215.2153,214.0427,214.9518,33055.0,214.6703
2026-01-05T15:46:00,214.9518,214.96,214.7391,214.778,35389.0,214.8572
2026-01-05T15:47:00,214.778,215.0751,214.4375,214.6851,8441.0,214.7439
2026-01-05T15:48:00,214.6851,215.4757,214.6556,215.248,14011.0,215.0161
2026-01-05T15:49:00,215.248,215.2589,215.23,215.2539,25126.0,215.2477
2026-01-05T15:50:00,215.2539,215.4307,214.941,215.0657,4441.0,215.1728
2026-01-05T15:51:00,215.0657,215.3221,214.8464,214.8655,17203.0,215.0249
2026-01-05T15:52:00,214.8655,214.8687,214.2536,214.5754,9630.0,214.6408
2026-01-05T15:53:00,214.5754,214.7514,214.519,214.7097,22293.0,214.6389
2026-01-05T15:54:00,214.7097,214.7974,214.5328,214.7331,20649.0,214.6932
2026-01-05T15:55:00,214.7331,214.8396,214.4432,214.6853,42098.0,214.6753
2026-01-05T15:56:00,214.6853,215.0204,214.4971,214.9738,20887.0,214.7942
2026-01-05T15:57:00,214.9738,215.2297,214.9737,215.097,32698.0,215.0686
2026-01-05T15:58:00,215.097,216.0005,214.9047,215.8943,51608.0,215.4741
2026-01-05T15:59:00,215.8943,215.9815,215.7553,215.7688,10020.0,215.85
